date,tag,code,name,rid,price,pct_chg,turnover,net_buy,ths_popularity_rank,ths_popularity_rank_chg,ths_popularity_pct_chg,ths_popularity_price,ths_float_mv_yuan,ths_market_id
2026-06-26,,002354,天娱数科,002354_306,8.83,9.96%,13.11亿,2.99亿,1,6,9.96,8.83,14354876000.00,33
2026-06-26,3日,600206,有研新材,600206_7,60.76,8.19%,45.50亿,-4.62亿,4,-1,8.19,60.76,51436580000.00,17
2026-06-26,,001399,惠科股份,001399_13,42.00,315.02%,12.34亿,4.18亿,5,-4,315.02,42.00,18083803000.00,33
2026-06-26,,600667,太极实业,600667_6,26.88,6.20%,31.54亿,3.36亿,6,-2,6.20,26.88,56220654000.00,17
2026-06-26,,002129,TCL中环,002129_3,11.19,10.03%,16.46亿,5.97亿,11,-2,10.03,11.19,45205136000.00,33
2026-06-26,3日,002129,TCL中环,002129_7,11.19,10.03%,23.11亿,5.45亿,11,-2,10.03,11.19,45205136000.00,33
2026-06-26,3日,603256,宏和科技,603256_7,297.00,7.31%,34.76亿,-5685.68万,18,-2,7.31,297.00,261279070000.00,17
2026-06-26,3日,603650,彤程新材,603650_7,85.83,10.00%,23.69亿,6717.07万,20,5,10.00,85.83,52740251000.00,17
2026-06-26,3日,000823,超声电子,000823_7,28.46,10.01%,10.85亿,1.30亿,21,-8,10.01,28.46,16931769000.00,33
2026-06-26,,000823,超声电子,000823_3,28.46,10.01%,8.02亿,4075.18万,21,-8,10.01,28.46,16931769000.00,33
2026-06-26,,002119,康强电子,002119_3,37.02,10.02%,8.79亿,1.64亿,22,-4,10.02,37.02,13893014000.00,33
2026-06-26,,002579,中京电子,002579_6,22.78,6.95%,13.52亿,1.01亿,23,1,6.95,22.78,13290122900.00,33
2026-06-26,3日,002579,中京电子,002579_7,22.78,6.95%,19.77亿,6422.45万,23,1,6.95,22.78,13290122900.00,33
2026-06-26,3日,002409,雅克科技,002409_7,188.60,4.18%,56.16亿,-1.98亿,25,19,4.18,188.60,60073390000.00,33
2026-06-26,3日,603065,宿迁联盛,603065_7,21.85,8.54%,4.77亿,3843.93万,26,8,8.54,21.85,9154441400.00,17
2026-06-26,3日,002674,兴业科技,002674_7,28.83,10.00%,2.00亿,573.32万,29,-6,10.00,28.83,8434610100.00,33
2026-06-26,3日,002141,贤丰控股,002141_7,5.76,9.92%,3.92亿,7117.96万,36,-3,9.92,5.76,5949710200.00,33
2026-06-26,3日,301526,国际复材,301526_44,52.27,9.17%,84.93亿,-3.19亿,47,-5,9.17,52.27,73407618000.00,33
2026-06-26,3日,605366,宏柏新材,605366_7,14.38,10.02%,7.05亿,1.17亿,48,-7,10.02,14.38,11113262300.00,17
2026-06-26,,605366,宏柏新材,605366_3,14.38,10.02%,6.47亿,7995.52万,48,-7,10.02,14.38,11113262300.00,17
2026-06-26,,603002,宏昌电子,603002_5,26.23,5.13%,9.12亿,3.24亿,52,-1,5.13,26.23,29746879000.00,17
2026-06-26,,601016,节能风电,601016_3,3.94,10.06%,4.29亿,2.09亿,54,-14,10.06,3.94,23790728000.00,17
2026-06-26,,688432,有研硅,688432_40,30.90,20.00%,4.66亿,1.13亿,66,12,20.00,30.90,38634327000.00,17
2026-06-26,,600545,卓郎智能,600545_3,7.10,10.08%,2.78亿,2.25亿,67,-9,10.08,7.10,12694176800.00,17
2026-06-26,,605006,山东玻纤,605006_5,24.94,5.19%,3.22亿,-3821.85万,72,1,5.19,24.94,15671301000.00,17
2026-06-26,3日,605006,山东玻纤,605006_7,24.94,5.19%,10.26亿,-2.34亿,72,1,5.19,24.94,15671301000.00,17
2026-06-26,3日,300398,飞凯材料,300398_44,61.29,8.17%,52.99亿,6191.59万,79,-4,8.17,61.29,34747571000.00,33
2026-06-26,,600498,烽火通信,600498_4,76.22,-10.00%,21.71亿,-2.31亿,80,-16,-10.00,76.22,96922987000.00,17
2026-06-26,3日,002080,中材科技,002080_7,97.67,5.10%,76.89亿,-1324.41万,83,12,5.10,97.67,163902330000.00,33
2026-06-26,,002962,五方光电,002962_6,19.34,10.01%,2.01亿,7450.11万,85,24,10.01,19.34,4045618700.00,33
2026-06-26,3日,601133,柏诚股份,601133_7,38.28,10.00%,7.65亿,7864.87万,86,-3,10.00,38.28,20073525000.00,17
2026-06-26,,000004,国华退,000004_35,0.28,7.69%,285.84万,100.45万,,,,,,
2026-06-26,3日,000056,*ST皇庭,000056_28,2.07,5.08%,6083.94万,-574.13万,,,,,,
2026-06-26,3日,000609,*ST中迪,000609_28,12.29,5.04%,9485.72万,169.69万,,,,,,
2026-06-26,,000766,通化金马,000766_5,23.95,-10.00%,3.30亿,-9901.86万,,,,,,
2026-06-26,3日,000838,*ST发展,000838_28,1.67,5.03%,3739.84万,646.49万,,,,,,
2026-06-26,,001389,广合科技,001389_3,220.88,10.00%,19.98亿,3.69亿,,,,,,
2026-06-26,3日,001389,广合科技,001389_7,220.88,10.00%,32.74亿,3.68亿,,,,,,
2026-06-26,,001896,豫能控股,001896_5,16.81,-9.62%,5.98亿,3893.16万,,,,,,
2026-06-26,3日,002512,ST达华,002512_29,3.33,-4.58%,7099.17万,-1987.02万,,,,,,
2026-06-26,3日,002547,*ST春兴,002547_29,2.49,-4.60%,6045.12万,-818.73万,,,,,,
2026-06-26,,002584,西陇科学,002584_6,9.62,-6.33%,4.21亿,-3485.40万,,,,,,
2026-06-26,3日,002667,*ST威领,002667_29,11.90,-5.03%,9091.79万,-2082.71万,,,,,,
2026-06-26,3日,002713,*ST东易,002713_28,12.68,4.97%,1.07亿,982.18万,,,,,,
2026-06-26,3日,002726,ST龙大,002726_29,1.30,-5.11%,2613.40万,-858.56万,,,,,,
2026-06-26,3日,002787,华源控股,002787_7,32.47,7.02%,6.24亿,6905.58万,,,,,,
2026-06-26,,002808,恒久退,002808_35,0.17,0.00%,134.26万,-15.37万,,,,,,
2026-06-26,3日,002822,ST中装,002822_28,2.90,5.07%,3072.07万,-89.84万,,,,,,
2026-06-26,,002842,翔鹭钨业,002842_6,52.16,1.46%,10.51亿,9807.30万,,,,,,
2026-06-26,,002898,赛隆退,002898_35,0.35,-95.78%,524.98万,-44.29万,,,,,,
2026-06-26,3日,002965,祥鑫科技,002965_7,51.88,10.01%,7.65亿,-5673.12万,,,,,,
2026-06-26,,123207,冠中转债,123207_58,234.49,-0.83%,5.01亿,-551.80万,,,,,,
2026-06-26,3日,123267,珂玛转债,123267_62,369.00,10.81%,43.25亿,-1091.26万,,,,,,
2026-06-26,,300029,天龙退,300029_35,0.15,0.00%,92.75万,22.45万,,,,,,
2026-06-26,,300162,雷曼光电,300162_43040,12.13,19.98%,2.98亿,1.23亿,,,,,,
2026-06-26,,300195,长荣股份,300195_41,6.37,-15.18%,1.16亿,-2012.16万,,,,,,
2026-06-26,,300264,佳创视讯,300264_40,9.77,20.02%,1.70亿,4846.66万,,,,,,
2026-06-26,3日,300506,名家汇,300506_44,6.26,6.10%,4.32亿,2835.00万,,,,,,
2026-06-26,,300540,蜀道装备,300540_40,30.50,19.98%,3.14亿,2.03亿,,,,,,
2026-06-26,3日,300567,精测电子,300567_44,275.00,4.56%,34.02亿,-2747.39万,,,,,,
2026-06-26,,300721,怡达股份,300721_43,36.96,5.15%,3.98亿,1006.78万,,,,,,
2026-06-26,,300936,中英科技,300936_41,98.00,-17.73%,2.22亿,2878.30万,,,,,,
2026-06-26,3日,301051,信濠光电,301051_44,20.96,19.98%,4.78亿,-7908.24万,,,,,,
2026-06-26,,301051,信濠光电,301051_40,20.96,19.98%,3.41亿,-2863.88万,,,,,,
2026-06-26,,301349,信德新材,301349_40,75.60,20.00%,5.82亿,3561.32万,,,,,,
2026-06-26,,301669,高特电子,301669_43,44.33,-6.42%,3.44亿,-4380.37万,,,,,,
2026-06-26,,600184,光电股份,600184_5,30.21,3.56%,6.72亿,-1879.09万,,,,,,
2026-06-26,,600193,退市创兴,600193_35,0.16,6.67%,222.33万,55.37万,,,,,,
2026-06-26,3日,600228,返利科技,600228_7,10.79,9.99%,3574.64万,1795.99万,,,,,,
2026-06-26,,600330,天通股份,600330_5,32.75,-8.01%,16.64亿,-5.35亿,,,,,,
2026-06-26,,600520,三佳科技,600520_6,36.00,7.53%,4.51亿,2.15亿,,,,,,
2026-06-26,,600608,退市沪科,600608_35,0.16,-5.88%,126.42万,-17.61万,,,,,,
2026-06-26,,600726,华电能源,600726_5,7.19,-5.27%,6.98亿,-1.26亿,,,,,,
2026-06-26,,600776,东方通信,600776_4,13.40,-10.01%,6808.90万,-3397.82万,,,,,,
2026-06-26,,600851,海欣股份,600851_4,8.80,-10.02%,9906.05万,-2766.27万,,,,,,
2026-06-26,3日,600857,宁波中百,600857_7,17.87,2.94%,3.27亿,621.07万,,,,,,
2026-06-26,3日,600888,新疆众和,600888_7,16.12,0.00%,16.60亿,1.82亿,,,,,,
2026-06-26,3日,600962,国投中鲁,600962_7,29.00,10.02%,1.66亿,5393.41万,,,,,,
2026-06-26,,603082,北自科技,603082_6,42.90,-3.40%,3.22亿,-4757.40万,,,,,,
2026-06-26,3日,603155,新亚强,603155_7,25.34,9.98%,3.83亿,7814.49万,,,,,,
2026-06-26,,603159,上海亚虹,603159_4,17.06,-10.02%,5439.59万,89.06万,,,,,,
2026-06-26,3日,603163,圣晖集成,603163_7,135.58,10.00%,3.85亿,8517.92万,,,,,,
2026-06-26,3日,603201,常润股份,603201_8,15.57,-10.00%,9338.57万,-4625.20万,,,,,,
2026-06-26,3日,603203,快克智能,603203_7,76.00,3.83%,9.19亿,-5650.89万,,,,,,
2026-06-26,,603316,诚邦股份,603316_4,21.65,-10.02%,2.17亿,-7035.28万,,,,,,
2026-06-26,3日,603318,水发燃气,603318_8,8.81,-6.97%,3.26亿,1365.77万,,,,,,
2026-06-26,3日,603324,盛剑科技,603324_7,51.02,6.83%,7.77亿,6169.83万,,,,,,
2026-06-26,,603407,长裕集团,603407_6,91.73,-0.15%,3.60亿,-3955.45万,,,,,,
2026-06-26,,603459,红板科技,603459_6,92.74,-2.34%,4.61亿,-1.22亿,,,,,,
2026-06-26,3日,603595,ST东尼,603595_28,36.98,5.00%,6428.03万,-1034.59万,,,,,,
2026-06-26,3日,603661,恒林股份,603661_7,40.06,7.40%,2.72亿,2412.97万,,,,,,
2026-06-26,3日,603698,航天工程,603698_7,43.55,10.00%,11.29亿,1.09亿,,,,,,
2026-06-26,3日,603800,洪田股份,603800_7,88.46,4.13%,10.92亿,1.57亿,,,,,,
2026-06-26,,603861,白云电器,603861_3,14.25,10.04%,1.53亿,8130.11万,,,,,,
2026-06-26,,603903,中持股份,603903_3,12.84,10.03%,8174.69万,2193.95万,,,,,,
2026-06-26,3日,603956,威派格,603956_7,5.83,10.00%,5885.73万,579.77万,,,,,,
2026-06-26,,605081,退市太和,605081_35,0.36,2.86%,95.54万,18.46万,,,,,,
2026-06-26,,688156,路德科技,688156_40,30.00,15.52%,1.21亿,1848.74万,,,,,,
2026-06-26,,688409,富创精密,688409_40,274.80,20.00%,15.15亿,2.69亿,,,,,,
2026-06-26,,688584,上海合晶,688584_40,33.88,15.99%,4.29亿,1.61亿,,,,,,
2026-06-26,,688596,正帆科技,688596_40,56.22,20.00%,7.38亿,9930.92万,,,,,,
2026-06-26,3日,688639,华恒生物,688639_45,15.40,-10.05%,1.61亿,-632.72万,,,,,,
2026-06-26,,920078,族兴新材,920078_6,33.55,4.68%,5028.33万,-310.48万,,,,,,
2026-06-26,,920083,金戈新材,920083_6,58.45,1.83%,8978.67万,189.72万,,,,,,
2026-06-26,,920249,利尔达,920249_6,10.48,-5.92%,1.01亿,208.46万,,,,,,
2026-06-26,,920363,莱赛激光,920363_54,13.06,20.81%,4309.96万,-175.30万,,,,,,
2026-06-26,,920405,海希通讯,920405_54,18.19,20.46%,3159.92万,724.78万,,,,,,
2026-06-26,3日,920438,戈碧迦,920438_56,163.01,13.20%,9.74亿,4446.80万,,,,,,
2026-06-26,,920662,方盛股份,920662_6,25.40,1.60%,3663.10万,-251.82万,,,,,,
2026-06-26,,920981,晶赛科技,920981_6,46.30,1.94%,1.05亿,-2076.43万,,,,,,
